month,n_seen,n_unseen,unseen_frac,tpr_seen,tpr_unseen,med_score_unseen
2019-11,2461,33,0.013231756214915798,0.995530272247054,0.9090909090909091,0.9997983857242684
2019-12,4004,33,0.008174386920980926,1.0,1.0,0.9997405905725578
2020-01,4321,79,0.017954545454545456,0.9988428604489702,0.9746835443037974,0.9994228871048864
2020-02,4172,97,0.022721948934176624,0.9983221476510067,0.9690721649484536,0.9988730718721467
2020-03,4860,130,0.026052104208416832,0.994238683127572,0.9846153846153847,0.9998354962806573
2020-04,4433,207,0.04461206896551724,0.9984209339048049,0.9855072463768116,0.9999687783908229
2020-05,4801,648,0.1189209029179666,0.9964590710268694,0.9907407407407407,0.9999694659157383
2020-06,4001,214,0.050771055753262156,0.9995001249687578,1.0,0.9999683892809357
2020-07,4089,906,0.18138138138138138,0.9985326485693323,0.9845474613686535,0.9993310780491902
2020-08,3582,241,0.06303949777661523,0.998324958123953,0.983402489626556,0.9995796953511771
2020-09,4043,534,0.11667030806204938,0.9982686124165224,0.9906367041198502,0.9995325064980304
