month,n,mal_frac,auc,f1,tpr,fpr,n_benign
2019-11,6212,0.40148100450740504,0.9996045377113787,0.9851042701092354,0.9943865276663993,0.0164066702528241,3718
2019-12,10159,0.39757850182104537,0.9998737392126117,0.9869273060476481,1.0,0.017483660130718955,6120
2020-01,4449,0.98898628905372,0.9998794063079778,0.9990902888332954,0.9984090909090909,0.02040816326530612,49
2020-02,7972,0.5354992473657803,0.9966192030456272,0.8905384213277574,0.9976575310377137,0.2800432082095598,3703
2020-03,8567,0.5824676082642699,0.9990467936151868,0.9889343036586582,0.9939879759519038,0.022644674308079395,3577
2020-04,9841,0.4714967991057819,0.9997850214481301,0.9824933687002653,0.9978448275862069,0.029801961161315133,5201
2020-05,11570,0.47095937770095075,0.9998551269050235,0.9939549368016121,0.9957790420260598,0.007024995915700049,6121
2020-06,12399,0.3401080732317122,0.99992389176586,0.9890883491728265,0.9995257291913683,0.011121975067220728,8182
2020-07,11387,0.43865811890752615,0.9996678468205377,0.992122843753116,0.995995995995996,0.009230287859824781,6392
2020-08,6337,0.6032823102414392,0.9996360428682818,0.9967324532740818,0.9973842532042898,0.0059665871121718375,2514
2020-09,8775,0.5215954415954416,0.9995290473537187,0.9955293861083852,0.9973781953244484,0.006908051453072892,4198
