month,tpr,fpr,unseen_frac
2019-10,0.9901077159815344,0.006369426751592357,0.03342128408091469
2019-11,0.9915797914995991,0.008606777837547068,0.038492381716118684
2019-12,0.9950482792770488,0.009150326797385621,0.015110230369085955
2020-01,0.9968181818181818,0.0,0.030454545454545453
2020-02,0.9939095806980558,0.18741560896570347,0.03138908409463575
2020-03,0.9879759519038076,0.013139502376292984,0.03326653306613227
2020-04,0.9952586206896552,0.019996154585656605,0.05064655172413793
2020-05,0.9917416039640301,0.0024505799705930404,0.12864745824922005
2020-06,0.9950201565093668,0.0047665607430945976,0.060498220640569395
2020-07,0.9941941941941942,0.0037546933667083854,0.196996996996997
2020-08,0.9955532304472927,0.003579952267303103,0.0821344493852995
2020-09,0.9938824557570461,0.004049547403525489,0.13698929429757484
